speed, delay, light_length, seconds_with, seconds_against, time_saved, time_saved_percent
3.0,0,30,2409.26666667,2409.26666667,0.0,0.0
3.1,0,30,2397.5,2397.5,0.0,0.0
3.2,0,30,2393.5,2393.5,0.0,0.0
3.3,0,30,2389.5,2389.5,0.0,0.0
3.4,0,30,2386.5,2386.5,0.0,0.0
3.5,0,30,2384.5,2384.5,0.0,0.0
3.6,0,30,2380.5,2380.5,0.0,0.0
3.7,0,30,2377.5,2377.5,0.0,0.0
3.8,0,30,2375.5,2375.5,0.0,0.0
3.9,0,30,2373.5,2373.5,0.0,0.0
3.0,0,45,3541.5,3541.5,0.0,0.0
3.1,0,45,3537.5,3537.5,0.0,0.0
3.2,0,45,3533.5,3533.5,0.0,0.0
3.3,0,45,3529.5,3529.5,0.0,0.0
3.4,0,45,3526.5,3526.5,0.0,0.0
3.5,0,45,3524.5,3524.5,0.0,0.0
3.6,0,45,3520.5,3520.5,0.0,0.0
3.7,0,45,3517.5,3517.5,0.0,0.0
3.8,0,45,3515.5,3515.5,0.0,0.0
3.9,0,45,3513.5,3513.5,0.0,0.0
3.0,0,60,4500.5,4500.5,0.0,0.0
3.1,0,60,2425.53333333,2425.53333333,0.0,0.0
3.2,0,60,2419.63333333,2419.63333333,0.0,0.0
3.3,0,60,2414.70833333,2414.70833333,0.0,0.0
3.4,0,60,2409.90833333,2409.90833333,0.0,0.0
3.5,0,60,2406.175,2406.175,0.0,0.0
3.6,0,60,2401.33333333,2401.33333333,0.0,0.0
3.7,0,60,2397.50833333,2397.50833333,0.0,0.0
3.8,0,60,2394.3,2394.3,0.0,0.0
3.9,0,60,2391.51666667,2391.51666667,0.0,0.0
3.0,0,75,2995.1,2995.1,0.0,0.0
3.1,0,75,2989.92666667,2989.92666667,0.0,0.0
3.2,0,75,2984.40666667,2984.40666667,0.0,0.0
3.3,0,75,2979.66666667,2979.66666667,0.0,0.0
3.4,0,75,2975.22666667,2975.22666667,0.0,0.0
3.5,0,75,2971.84,2971.84,0.0,0.0
3.6,0,75,2967.16666667,2967.16666667,0.0,0.0
3.7,0,75,2963.50666667,2963.50666667,0.0,0.0
3.8,0,75,2960.54,2960.54,0.0,0.0
3.9,0,75,2957.91333333,2957.91333333,0.0,0.0
3.0,0,90,3561.16666667,3561.16666667,0.0,0.0
3.1,0,90,3556.18888889,3556.18888889,0.0,0.0
3.2,0,90,3550.92222222,3550.92222222,0.0,0.0
3.3,0,90,3546.30555556,3546.30555556,0.0,0.0
3.4,0,90,3542.10555556,3542.10555556,0.0,0.0
3.5,0,90,3538.95,3538.95,0.0,0.0
3.6,0,90,3534.38888889,3534.38888889,0.0,0.0
3.7,0,90,3530.83888889,3530.83888889,0.0,0.0
3.8,0,90,3528.03333333,3528.03333333,0.0,0.0
3.9,0,90,3525.51111111,3525.51111111,0.0,0.0
3.0,1,30,2439.5,2442.71666667,3.21666666667,0.00131683985726
3.1,1,30,2435.5,2359.5,-76.0,-0.0322102140284
3.2,1,30,2431.5,2355.5,-76.0,-0.0322649119083
3.3,1,30,2427.5,2351.5,-76.0,-0.032319795875
3.4,1,30,2424.5,2348.5,-76.0,-0.0323610815414
3.5,1,30,2422.5,2346.5,-76.0,-0.0323886639676
3.6,1,30,2418.5,2342.5,-76.0,-0.0324439701174
3.7,1,30,2415.5,2339.5,-76.0,-0.0324855738406
3.8,1,30,2413.5,2337.5,-76.0,-0.032513368984
3.9,1,30,2411.5,2335.5,-76.0,-0.032541211732
3.0,1,45,3579.5,3503.5,-76.0,-0.0216925931212
3.1,1,45,3575.5,3499.5,-76.0,-0.0217173881983
3.2,1,45,3571.5,3495.5,-76.0,-0.0217422400229
3.3,1,45,3567.5,3491.5,-76.0,-0.0217671487899
3.4,1,45,3564.5,3488.5,-76.0,-0.0217858678515
3.5,1,45,3562.5,3486.5,-76.0,-0.0217983651226
3.6,1,45,3558.5,3482.5,-76.0,-0.0218234027279
3.7,1,45,3555.5,3479.5,-76.0,-0.0218422187096
3.8,1,45,3553.5,3477.5,-76.0,-0.0218547807333
3.9,1,45,3551.5,3475.5,-76.0,-0.0218673572148
3.0,1,60,2559.5,4643.5,2084.0,0.448799397007
3.1,1,60,2462.575,2418.5,-44.075,-0.0182241058507
3.2,1,60,2456.70833333,2382.575,-74.1333333333,-0.031114795267
3.3,1,60,2451.8,2377.63333333,-74.1666666667,-0.0311934837163
3.4,1,60,2447.03333333,2372.8,-74.2333333333,-0.0312851202517
3.5,1,60,2443.33333333,2369.03333333,-74.3,-0.031363003194
3.6,1,60,2438.50833333,2364.175,-74.3333333333,-0.0314415529025
3.7,1,60,2434.7,2360.33333333,-74.3666666667,-0.0315068493151
3.8,1,60,2431.51666667,2357.1,-74.4166666667,-0.031571281094
3.9,1,60,2428.75,2354.3,-74.45,-0.0316229877246
3.0,1,75,3032.31333333,2957.9,-74.4133333333,-0.0251574878574
3.1,1,75,3027.16,2952.70666667,-74.4533333333,-0.0252152827011
3.2,1,75,3021.66666667,2947.16,-74.5066666667,-0.0252808353353
3.3,1,75,3016.94,2942.40666667,-74.5333333333,-0.0253307383298
3.4,1,75,3012.52666667,2937.94,-74.5866666667,-0.0253874029649
3.5,1,75,3009.16666667,2934.52666667,-74.64,-0.0254351070814
3.6,1,75,3004.50666667,2929.84,-74.6666666667,-0.0254848956485
3.7,1,75,3000.86,2926.16666667,-74.6933333333,-0.0255260010252
3.8,1,75,2997.91333333,2923.18,-74.7333333333,-0.0255657651371
3.9,1,75,2995.3,2920.54,-74.76,-0.0255980058482
3.0,1,90,3598.51111111,3523.83333333,-74.6777777778,-0.0211921991518
3.1,1,90,3593.55,3518.83888889,-74.7111111111,-0.0212317510037
3.2,1,90,3588.30555556,3513.55,-74.7555555556,-0.0212763602498
3.3,1,90,3583.7,3508.92222222,-74.7777777778,-0.021310753856
3.4,1,90,3579.52222222,3504.7,-74.8222222222,-0.0213491089743
3.5,1,90,3576.38888889,3501.52222222,-74.8666666667,-0.0213811770754
3.6,1,90,3571.83888889,3496.95,-74.8888888889,-0.0214154874645
3.7,1,90,3568.3,3493.38888889,-74.9111111111,-0.0214436793308
3.8,1,90,3565.51111111,3490.56666667,-74.9444444444,-0.021470566702
3.9,1,90,3563.0,3488.03333333,-74.9666666667,-0.0214925316081
3.0,2,30,2477.5,2474.4,-3.1,-0.00125282896864
3.1,2,30,2473.5,2331.75,-141.75,-0.0607912512062
3.2,2,30,2469.5,2317.5,-152.0,-0.0655879180151
3.3,2,30,2465.5,2313.5,-152.0,-0.0657013183488
3.4,2,30,2462.5,2310.5,-152.0,-0.0657866262714
3.5,2,30,2460.5,2308.5,-152.0,-0.0658436213992
3.6,2,30,2456.5,2304.5,-152.0,-0.06595790844
3.7,2,30,2453.5,2301.5,-152.0,-0.0660438844232
3.8,2,30,2451.5,2299.5,-152.0,-0.0661013263753
3.9,2,30,2449.5,2297.5,-152.0,-0.0661588683351
3.0,2,45,3617.5,3465.5,-152.0,-0.0438609147309
3.1,2,45,3613.5,3461.5,-152.0,-0.0439115990178
3.2,2,45,3609.5,3457.5,-152.0,-0.0439624005785
3.3,2,45,3605.5,3453.5,-152.0,-0.0440133198205
3.4,2,45,3602.5,3450.5,-152.0,-0.0440515867266
3.5,2,45,3600.5,3448.5,-152.0,-0.0440771349862
3.6,2,45,3596.5,3444.5,-152.0,-0.044128320511
3.7,2,45,3593.5,3441.5,-152.0,-0.0441667877379
3.8,2,45,3591.5,3439.5,-152.0,-0.0441924698357
3.9,2,45,2013.5,3437.5,1424.0,0.414254545455
3.0,2,60,2505.05,4605.5,2100.45,0.456074259038
3.1,2,60,2499.63333333,4601.5,2101.86666667,0.456778586693
3.2,2,60,2493.8,2345.53333333,-148.266666667,-0.0632123468721
3.3,2,60,2488.90833333,2340.575,-148.333333333,-0.0633747405374
3.4,2,60,2484.175,2335.70833333,-148.466666667,-0.0635638724869
3.5,2,60,2480.50833333,2331.90833333,-148.6,-0.0637246318287
3.6,2,60,2475.7,2327.03333333,-148.666666667,-0.0638867800203
3.7,2,60,2471.90833333,2323.175,-148.733333333,-0.0640215796629
3.8,2,60,2468.75,2319.91666667,-148.833333333,-0.0641546032544
3.9,2,60,2466.0,2317.1,-148.9,-0.0642613611842
3.0,2,75,3069.54,2920.71333333,-148.826666667,-0.050955588475
3.1,2,75,3064.40666667,2915.5,-148.906666667,-0.0510741439433
3.2,2,75,3058.94,2909.92666667,-149.013333333,-0.0512086215231
3.3,2,75,3054.22666667,2905.16,-149.066666667,-0.0513110006563
3.4,2,75,3049.84,2900.66666667,-149.173333333,-0.0514272581016
3.5,2,75,3046.50666667,2897.22666667,-149.28,-0.0515251366824
3.6,2,75,3041.86,2892.52666667,-149.333333333,-0.0516272970114
3.7,2,75,3038.22666667,2888.84,-149.386666667,-0.0517116443509
3.8,2,75,3035.3,2885.83333333,-149.466666667,-0.051793242853
3.9,2,75,3032.7,2883.18,-149.52,-0.05185940524
3.0,2,90,3635.86666667,3486.51111111,-149.355555556,-0.042838112599
3.1,2,90,3630.92222222,3481.5,-149.422222222,-0.042918920644
3.2,2,90,3625.7,3476.18888889,-149.511111111,-0.0430100653014
3.3,2,90,3621.10555556,3471.55,-149.555555556,-0.0430803403539
3.4,2,90,3616.95,3467.30555556,-149.644444444,-0.0431587127372
3.5,2,90,3613.83888889,3464.10555556,-149.733333333,-0.0432242409857
3.6,2,90,3609.3,3459.52222222,-149.777777778,-0.0432943534271
3.7,2,90,3605.77222222,3455.95,-149.822222222,-0.0433519646471
3.8,2,90,3603.0,3453.11111111,-149.888888889,-0.0434069116417
3.9,2,90,2473.98888889,3450.56666667,976.577777778,0.283019536244
3.0,3,30,2515.5,2507.5,-8.0,-0.00319042871386
3.1,3,30,2511.5,2365.71666667,-145.783333333,-0.0616233276738
3.2,3,30,2507.5,2279.5,-228.0,-0.100021934635
3.3,3,30,2503.5,2275.5,-228.0,-0.100197758734
3.4,3,30,2500.5,2272.5,-228.0,-0.100330033003
3.5,3,30,2498.5,2270.5,-228.0,-0.100418410042
3.6,3,30,2494.5,2266.5,-228.0,-0.100595632032
3.7,3,30,2491.5,2263.5,-228.0,-0.100728959576
3.8,3,30,2489.5,2261.5,-228.0,-0.100818041123
3.9,3,30,2487.5,2259.5,-228.0,-0.100907280372
3.0,3,45,3655.5,3427.5,-228.0,-0.0665207877462
3.1,3,45,3651.5,3423.5,-228.0,-0.0665985102965
3.2,3,45,3647.5,3419.5,-228.0,-0.0666764146805
3.3,3,45,3643.5,3415.5,-228.0,-0.0667545015371
3.4,3,45,3640.5,3412.5,-228.0,-0.0668131868132
3.5,3,45,3638.5,3410.5,-228.0,-0.066852367688
3.6,3,45,3634.5,3406.5,-228.0,-0.0669308674593
3.7,3,45,3631.5,3403.5,-228.0,-0.0669898633759
3.8,3,45,2413.5,3401.5,988.0,0.290460091136
3.9,3,45,1938.52222222,3399.5,1460.97777778,0.42976254678
3.0,3,60,2542.1,4567.5,2025.4,0.443437328955
3.1,3,60,2536.70833333,4563.5,2026.79166667,0.444130966729
3.2,3,60,2530.90833333,2399.5,-131.408333333,-0.0547648815725
3.3,3,60,2526.03333333,2303.53333333,-222.5,-0.0965907446531
3.4,3,60,2521.33333333,2298.63333333,-222.7,-0.0968836555054
3.5,3,60,2517.7,2294.8,-222.9,-0.0971326477253
3.6,3,60,2512.90833333,2289.90833333,-223.0,-0.0973838108512
3.7,3,60,2509.13333333,2286.03333333,-223.1,-0.0975926276957
3.8,3,60,2506.0,2282.75,-223.25,-0.097798707699
3.9,3,60,2503.26666667,2279.91666667,-223.35,-0.0979641068753
3.0,3,75,3106.78,2883.54,-223.24,-0.0774187283686
3.1,3,75,3101.66666667,2878.30666667,-223.36,-0.0776011821766
3.2,3,75,3096.22666667,2872.70666667,-223.52,-0.0778081530543
3.3,3,75,3091.52666667,2867.92666667,-223.6,-0.0779657313413
3.4,3,75,3087.16666667,2863.40666667,-223.76,-0.0781446808114
3.5,3,75,3083.86,2859.94,-223.92,-0.0782953488535
3.6,3,75,3079.22666667,2855.22666667,-224.0,-0.0784526155542
3.7,3,75,3075.60666667,2851.52666667,-224.08,-0.0785824669358
3.8,3,75,3072.7,2848.5,-224.2,-0.0787080919782
3.9,3,75,3070.11333333,2845.83333333,-224.28,-0.0788099560761
3.0,3,90,3673.23333333,3449.2,-224.033333333,-0.0649522594611
3.1,3,90,3668.30555556,3444.17222222,-224.133333333,-0.0650761108539
3.2,3,90,3663.10555556,3438.83888889,-224.266666667,-0.0652158108922
3.3,3,90,3658.52222222,3434.18888889,-224.333333333,-0.065323527794
3.4,3,90,3654.38888889,3429.92222222,-224.466666667,-0.065443660854
3.5,3,90,3651.3,3426.7,-224.6,-0.0655441094931
3.6,3,90,3646.77222222,3422.10555556,-224.666666667,-0.0656515887717
3.7,3,90,3643.25555556,3418.52222222,-224.733333333,-0.0657399071074
3.8,3,90,2514.49444444,3415.66666667,901.172222222,0.263834943561
3.9,3,90,2509.44444444,3413.11111111,903.666666667,0.264763330946
3.0,4,30,2553.5,2531.36666667,-22.1333333333,-0.00874362992323
3.1,4,30,2549.5,2397.23333333,-152.266666667,-0.0635176661985
3.2,4,30,2545.5,2262.25,-283.25,-0.125207205216
3.3,4,30,2541.5,2237.5,-304.0,-0.135865921788
3.4,4,30,2538.5,2234.5,-304.0,-0.13604833296
3.5,4,30,2536.5,2232.5,-304.0,-0.136170212766
3.6,4,30,2532.5,2228.5,-304.0,-0.136414628674
3.7,4,30,2529.5,2225.5,-304.0,-0.136598517187
3.8,4,30,2527.5,2223.5,-304.0,-0.136721385204
3.9,4,30,2525.5,2221.5,-304.0,-0.136844474454
3.0,4,45,3693.5,3389.5,-304.0,-0.0896887446526
3.1,4,45,3689.5,3385.5,-304.0,-0.0897947127455
3.2,4,45,3685.5,3381.5,-304.0,-0.0899009315393
3.3,4,45,3681.5,3377.5,-304.0,-0.0900074019245
3.4,4,45,3678.5,3374.5,-304.0,-0.0900874203586
3.5,4,45,3676.5,3372.5,-304.0,-0.0901408450704
3.6,4,45,3672.5,3368.5,-304.0,-0.0902478848152
3.7,4,45,2499.5,3365.5,866.0,0.257316891992
3.8,4,45,1978.52222222,3363.5,1384.97777778,0.411766843401
3.9,4,45,1975.56666667,3361.5,1385.93333333,0.412296097972
3.0,4,60,2579.16666667,4529.5,1950.33333333,0.43058468558
3.1,4,60,2573.8,4525.5,1951.7,0.431267263286
3.2,4,60,2568.03333333,4521.5,1953.46666667,0.43203951491
3.3,4,60,2563.175,2266.50833333,-296.666666667,-0.130891496097
3.4,4,60,2558.50833333,2261.575,-296.933333333,-0.131294930893
3.5,4,60,2554.90833333,2257.70833333,-297.2,-0.13163790717
3.6,4,60,2550.13333333,2252.8,-297.333333333,-0.131983901515
3.7,4,60,2546.375,2248.90833333,-297.466666667,-0.13227158362
3.8,4,60,2543.26666667,2245.6,-297.666666667,-0.132555515972
3.9,4,60,2540.55,2242.75,-297.8,-0.13278341322
3.0,4,75,3144.03333333,2846.38,-297.653333333,-0.104572591619
3.1,4,75,3138.94,2841.12666667,-297.813333333,-0.104822265345
3.2,4,75,3133.52666667,2835.5,-298.026666667,-0.105105507553
3.3,4,75,3128.84,2830.70666667,-298.133333333,-0.10532116833
3.4,4,75,3124.50666667,2826.16,-298.346666667,-0.105566092035
3.5,4,75,3121.22666667,2822.66666667,-298.56,-0.10577231932
3.6,4,75,3116.60666667,2817.94,-298.666666667,-0.105987589043
3.7,4,75,3113.0,2814.22666667,-298.773333333,-0.106165340863
3.8,4,75,3110.11333333,2811.18,-298.933333333,-0.106337315054
3.9,4,75,3107.54,2808.5,-299.04,-0.106476766957
3.0,4,90,3710.61111111,3411.9,-298.711111111,-0.0875497849032
3.1,4,90,3705.7,3406.85555556,-298.844444444,-0.0877185544181
3.2,4,90,3700.52222222,3401.5,-299.022222222,-0.0879089290672
3.3,4,90,3695.95,3396.83888889,-299.111111111,-0.0880557250123
3.4,4,90,3691.83888889,3392.55,-299.288888889,-0.0882194481699
3.5,4,90,3688.77222222,3389.30555556,-299.466666667,-0.0883563496291
3.6,4,90,3684.25555556,3384.7,-299.555555556,-0.0885028379341
3.7,4,90,2678.5,3381.10555556,702.605555556,0.207803496227
3.8,4,90,2549.96111111,3378.23333333,828.272222222,0.245179104134
3.9,4,90,2544.86666667,3375.66666667,830.8,0.246114347783
3.0,5,30,2591.5,2588.5,-3.0,-0.00115897237782
3.1,5,30,2587.5,2430.85,-156.65,-0.0644424789683
3.2,5,30,2583.5,2296.08333333,-287.416666667,-0.125176931732
3.3,5,30,2579.5,2200.8,-378.7,-0.172073791349
3.4,5,30,2576.5,2196.5,-380.0,-0.173002503984
3.5,5,30,2574.5,2194.5,-380.0,-0.17316017316
3.6,5,30,2570.5,2190.5,-380.0,-0.173476375257
3.7,5,30,2567.5,2187.5,-380.0,-0.173714285714
3.8,5,30,2565.5,2185.5,-380.0,-0.173873255548
3.9,5,30,2563.5,2183.5,-380.0,-0.174032516602
3.0,5,45,3731.5,3351.5,-380.0,-0.113382067731
3.1,5,45,3727.5,3347.5,-380.0,-0.113517550411
3.2,5,45,3723.5,3343.5,-380.0,-0.11365335726
3.3,5,45,3719.5,3339.5,-380.0,-0.113789489445
3.4,5,45,3716.5,3336.5,-380.0,-0.113891802787
3.5,5,45,3714.5,3334.5,-380.0,-0.11396011396
3.6,5,45,3710.5,3330.5,-380.0,-0.114096982435
3.7,5,45,2019.01111111,3327.5,1308.48888889,0.393234827615
3.8,5,45,2015.56666667,3325.5,1309.93333333,0.393905678344
3.9,5,45,2012.63333333,3323.5,1310.86666667,0.394423549471
3.0,5,60,2616.25,4491.5,1875.25,0.417510853835
3.1,5,60,2610.90833333,4487.5,1876.59166667,0.418181987001
3.2,5,60,2605.175,4483.5,1878.325,0.418941675031
3.3,5,60,2600.33333333,2439.5,-160.833333333,-0.0659288105486
3.4,5,60,2595.7,2224.53333333,-371.166666667,-0.166851474467
3.5,5,60,2592.13333333,2220.63333333,-371.5,-0.16729461565
3.6,5,60,2587.375,2215.70833333,-371.666666667,-0.167741692837
3.7,5,60,2583.63333333,2211.8,-371.833333333,-0.16811345209
3.8,5,60,2580.55,2208.46666667,-372.083333333,-0.168480393637
3.9,5,60,2577.85,2205.6,-372.25,-0.168774936525
3.0,5,75,3181.3,2809.23333333,-372.066666667,-0.132444201858
3.1,5,75,3176.22666667,2803.96,-372.266666667,-0.132764613856
3.2,5,75,3170.84,2798.30666667,-372.533333333,-0.133128129869
3.3,5,75,3166.16666667,2793.5,-372.666666667,-0.133404928107
3.4,5,75,3161.86,2788.92666667,-372.933333333,-0.133719304201
3.5,5,75,3158.60666667,2785.40666667,-373.2,-0.13398402627
3.6,5,75,3154.0,2780.66666667,-373.333333333,-0.134260369216
3.7,5,75,3150.40666667,2776.94,-373.466666667,-0.13448856175
3.8,5,75,3147.54,2773.87333333,-373.666666667,-0.134709347459
3.9,5,75,3144.98,2771.18,-373.8,-0.134888386897
3.0,5,90,3748.0,3374.61111111,-373.388888889,-0.110646494246
3.1,5,90,3743.10555556,3369.55,-373.555555556,-0.110862149413
3.2,5,90,3737.95,3364.17222222,-373.777777778,-0.111105422995
3.3,5,90,3733.38888889,3359.5,-373.888888889,-0.111293016487
3.4,5,90,3729.3,3355.18888889,-374.111111111,-0.111502250246
3.5,5,90,3726.25555556,3351.92222222,-374.333333333,-0.111677213407
3.6,5,90,3721.75,3347.30555556,-374.444444444,-0.11186443491
3.7,5,90,2590.72222222,3343.7,752.977777778,0.225192983156
3.8,5,90,2585.39444444,3340.81111111,755.416666667,0.226117742531
3.9,5,90,2580.25555556,3338.23333333,757.977777778,0.227059555786
3.0,6,30,2629.5,2618.4,-11.1,-0.00423923006416
3.1,6,30,2625.5,2452.16666667,-173.333333333,-0.0706857880786
3.2,6,30,2621.5,2326.96666667,-294.533333333,-0.126573937458
3.3,6,30,2617.5,2200.25,-417.25,-0.189637541189
3.4,6,30,2614.5,2158.5,-456.0,-0.211257817929
3.5,6,30,2612.5,2156.5,-456.0,-0.211453744493
3.6,6,30,2608.5,2152.5,-456.0,-0.211846689895
3.7,6,30,2605.5,2149.5,-456.0,-0.212142358688
3.8,6,30,2603.5,2147.5,-456.0,-0.212339930151
3.9,6,30,2601.5,2145.5,-456.0,-0.21253786996
3.0,6,45,3769.5,3313.5,-456.0,-0.137618832051
3.1,6,45,3765.5,3309.5,-456.0,-0.137785163922
3.2,6,45,3761.5,3305.5,-456.0,-0.137951898351
3.3,6,45,3757.5,3301.5,-456.0,-0.138119036801
3.4,6,45,3754.5,3298.5,-456.0,-0.138244656662
3.5,6,45,3752.5,3296.5,-456.0,-0.138328530259
3.6,6,45,2082.5,3292.5,1210.0,0.367501898254
3.7,6,45,2056.04444444,3289.5,1233.45555556,0.374967489149
3.8,6,45,2052.63333333,3287.5,1234.86666667,0.375624841572
3.9,6,45,2049.72222222,3285.5,1235.77777778,0.376130810463
3.0,6,60,2653.35,4453.5,1800.15,0.404210171775
3.1,6,60,2648.03333333,4449.5,1801.46666667,0.404869460988
3.2,6,60,2642.33333333,4445.5,1803.16666667,0.405616166161
3.3,6,60,2637.50833333,4441.5,1803.99166667,0.406167210777
3.4,6,60,2632.90833333,2187.50833333,-445.4,-0.203610652912
3.5,6,60,2629.375,2183.575,-445.8,-0.204160608177
3.6,6,60,2624.63333333,2178.63333333,-446.0,-0.204715494423
3.7,6,60,2620.90833333,2174.70833333,-446.2,-0.205176939436
3.8,6,60,2617.85,2171.35,-446.5,-0.205632440648
3.9,6,60,2615.16666667,2168.46666667,-446.7,-0.205998093891
3.0,6,75,3218.58,2772.1,-446.48,-0.16106201075
3.1,6,75,3213.52666667,2766.80666667,-446.72,-0.161456890133
3.2,6,75,3208.16666667,2761.12666667,-447.04,-0.16190492287
3.3,6,75,3203.50666667,2756.30666667,-447.2,-0.162246097435
3.4,6,75,3199.22666667,2751.70666667,-447.52,-0.162633614048
3.5,6,75,3196.0,2748.16,-447.84,-0.162959944108
3.6,6,75,3191.40666667,2743.40666667,-448.0,-0.163300616508
3.7,6,75,3187.82666667,2739.66666667,-448.16,-0.163581944275
3.8,6,75,3184.98,2736.58,-448.4,-0.163854153725
3.9,6,75,3182.43333333,2733.87333333,-448.56,-0.164074902275
3.0,6,90,3785.4,3337.33333333,-448.066666667,-0.134258889333
3.1,6,90,3780.52222222,3332.25555556,-448.266666667,-0.13452349593
3.2,6,90,3775.38888889,3326.85555556,-448.533333333,-0.134822004095
3.3,6,90,3770.83888889,3322.17222222,-448.666666667,-0.135052199782
3.4,6,90,3766.77222222,3317.83888889,-448.933333333,-0.135308961154
3.5,6,90,3763.75,3314.55,-449.2,-0.135523675914
3.6,6,90,2632.23333333,3309.92222222,677.688888889,0.204744656638
3.7,6,90,2626.16111111,3306.30555556,680.144444444,0.205711309199
3.8,6,90,2620.79444444,3303.4,682.605555556,0.206637269345
3.9,6,90,2615.61111111,3300.81111111,685.2,0.207585340977
3.0,7,30,2667.5,2593.18333333,-74.3166666667,-0.0286584699629
3.1,7,30,2663.5,2512.75,-150.75,-0.0599940304447
3.2,7,30,2659.5,2355.45,-304.05,-0.129083614596
3.3,7,30,2655.5,2233.26666667,-422.233333333,-0.189065345234
3.4,7,30,2652.5,2126.8,-525.7,-0.24717886026
3.5,7,30,2650.5,2118.5,-532.0,-0.251121076233
3.6,7,30,2646.5,2114.5,-532.0,-0.251596122015
3.7,7,30,2643.5,2111.5,-532.0,-0.251953587497
3.8,7,30,2641.5,2109.5,-532.0,-0.252192462669
3.9,7,30,2639.5,2107.5,-532.0,-0.252431791222
3.0,7,45,3807.5,3275.5,-532.0,-0.162417951458
3.1,7,45,3803.5,3271.5,-532.0,-0.162616536757
3.2,7,45,3799.5,3267.5,-532.0,-0.162815608263
3.3,7,45,3795.5,3263.5,-532.0,-0.163015167765
3.4,7,45,3792.5,3260.5,-532.0,-0.163165158718
3.5,7,45,2348.5,3258.5,910.0,0.279269602578
3.6,7,45,2097.04444444,3254.5,1157.45555556,0.355647735614
3.7,7,45,2093.1,3251.5,1158.4,0.356266338613
3.8,7,45,2089.72222222,3249.5,1159.77777778,0.356909610025
3.9,7,45,2086.83333333,3247.5,1160.66666667,0.357403130613
3.0,7,60,2690.46666667,4415.5,1725.03333333,0.390676782546
3.1,7,60,2685.175,4411.5,1726.325,0.391323812762
3.2,7,60,2679.50833333,4407.5,1727.99166667,0.392057099641
3.3,7,60,2674.7,4403.5,1728.8,0.392596798002
3.4,7,60,2670.13333333,4160.5,1490.36666667,0.358218162881
3.5,7,60,2666.63333333,2146.53333333,-520.1,-0.24229765824
3.6,7,60,2661.90833333,2141.575,-520.333333333,-0.242967597835
3.7,7,60,2658.2,2137.63333333,-520.566666667,-0.243524770385
3.8,7,60,2655.16666667,2134.25,-520.916666667,-0.244074811604
3.9,7,60,2652.5,2131.35,-521.15,-0.244516386328
3.0,7,75,3255.87333333,2734.98,-520.893333333,-0.190455993584
3.1,7,75,3250.84,2729.66666667,-521.173333333,-0.190929295396
3.2,7,75,3245.50666667,2723.96,-521.546666667,-0.191466345566
3.3,7,75,3240.86,2719.12666667,-521.733333333,-0.191875332521
3.4,7,75,3236.60666667,2714.5,-522.106666667,-0.19233990299
3.5,7,75,3233.40666667,2710.92666667,-522.48,-0.192731144824
3.6,7,75,3228.82666667,2706.16,-522.666666667,-0.193139602487
3.7,7,75,3225.26,2702.40666667,-522.853333333,-0.193476925506
3.8,7,75,3222.43333333,2699.3,-523.133333333,-0.193803331728
3.9,7,75,3219.9,2696.58,-523.32,-0.194068041742
3.0,7,90,3822.81111111,3300.06666667,-522.744444444,-0.158404207322
3.1,7,90,3817.95,3294.97222222,-522.977777778,-0.158719935255
3.2,7,90,3812.83888889,3289.55,-523.288888889,-0.159076131656
3.3,7,90,3808.3,3284.85555556,-523.444444444,-0.159350825506
3.4,7,90,3804.25555556,3280.5,-523.755555556,-0.159657233823
3.5,7,90,2675.25,3277.18888889,601.938888889,0.183675372186
3.6,7,90,2667.68333333,3272.55,604.866666667,0.184830382016
3.7,7,90,2661.56666667,3268.92222222,607.355555556,0.185796881745
3.8,7,90,2656.16111111,3266.0,609.838888889,0.186723480983
3.9,7,90,2650.93333333,3263.4,612.466666667,0.187677473392
3.0,8,30,2705.5,2666.63333333,-38.8666666667,-0.0145751821898
3.1,8,30,2701.5,2546.5,-155.0,-0.0608678578441
3.2,8,30,2697.5,2401.18333333,-296.316666667,-0.123404432537
3.3,8,30,2693.5,2280.25,-413.25,-0.181230128275
3.4,8,30,2690.5,2158.75,-531.75,-0.246323103648
3.5,8,30,2688.5,2080.96666667,-607.533333333,-0.291947652533
3.6,8,30,2684.5,2076.5,-608.0,-0.292800385264
3.7,8,30,2681.5,2073.5,-608.0,-0.293224017362
3.8,8,30,2679.5,2071.5,-608.0,-0.293507120444
3.9,8,30,2677.5,2069.5,-608.0,-0.293790770718
3.0,8,45,3845.5,3237.5,-608.0,-0.187799227799
3.1,8,45,3841.5,3233.5,-608.0,-0.188031544766
3.2,8,45,3837.5,3229.5,-608.0,-0.188264437219
3.3,8,45,3833.5,3225.5,-608.0,-0.188497907301
3.4,8,45,3650.5,3222.5,-428.0,-0.13281613654
3.5,8,45,2139.04444444,3220.5,1081.45555556,0.335803619176
3.6,8,45,2134.1,3216.5,1082.4,0.336514845329
3.7,8,45,2130.17777778,3213.5,1083.32222222,0.337115986377
3.8,8,45,2126.83333333,3211.5,1084.66666667,0.337744563807
3.9,8,45,2123.96666667,3209.5,1085.53333333,0.338225061017
3.0,8,60,2727.6,4377.5,1649.9,0.376904625928
3.1,8,60,2722.33333333,4373.5,1651.16666667,0.377538965741
3.2,8,60,2716.7,4369.5,1652.8,0.378258381966
3.3,8,60,2711.90833333,4365.5,1653.59166667,0.378786316955
3.4,8,60,2707.375,4362.5,1655.125,0.379398280802
3.5,8,60,2703.90833333,2438.5,-265.408333333,-0.108840817442
3.6,8,60,2699.2,2104.53333333,-594.666666667,-0.282564622402
3.7,8,60,2695.50833333,2100.575,-594.933333333,-0.283224037863
3.8,8,60,2692.5,2097.16666667,-595.333333333,-0.283875069538
3.9,8,60,2689.85,2094.25,-595.6,-0.28439775576
3.0,8,75,3293.18,2697.87333333,-595.306666667,-0.22065775265
3.1,8,75,3288.16666667,2692.54,-595.626666667,-0.221213674325
3.2,8,75,3282.86,2686.80666667,-596.053333333,-0.221844519268
3.3,8,75,3278.22666667,2681.96,-596.266666667,-0.222324966318
3.4,8,75,3274.0,2677.30666667,-596.693333333,-0.222870745725
3.5,8,75,3270.82666667,2673.70666667,-597.12,-0.223330407724
3.6,8,75,3266.26,2668.92666667,-597.333333333,-0.223810320753
3.7,8,75,3262.70666667,2665.16,-597.546666667,-0.224206676772
3.8,8,75,3259.9,2662.03333333,-597.866666667,-0.224590225517
3.9,8,75,3257.38,2659.3,-598.08,-0.224901289813
3.0,8,90,3860.23333333,3262.81111111,-597.422222222,-0.18310046211
3.1,8,90,3855.38888889,3257.7,-597.688888889,-0.183469591702
3.2,8,90,3850.3,3252.25555556,-598.044444444,-0.183886055148
3.3,8,90,3845.77222222,3247.55,-598.222222222,-0.184207239988
3.4,8,90,3661.75,3243.17222222,-418.577777778,-0.129064307751
3.5,8,90,2710.72222222,3239.83888889,529.116666667,0.16331573415
3.6,8,90,2703.1,3235.18888889,532.088888889,0.164469187786
3.7,8,90,2696.93888889,3231.55,534.611111111,0.165434887627
3.8,8,90,2691.49444444,3228.61111111,537.116666667,0.166361524563
3.9,8,90,2686.22222222,3226.0,539.777777778,0.167321071847
3.0,9,30,2743.5,2632.1,-111.4,-0.0423236199233
3.1,9,30,2739.5,2513.41666667,-226.083333333,-0.089950598455
3.2,9,30,2735.5,2433.26666667,-302.233333333,-0.124208882435
3.3,9,30,2731.5,2305.53333333,-425.966666667,-0.18475840731
3.4,9,30,2728.5,2190.36666667,-538.133333333,-0.24568184931
3.5,9,30,2726.5,2073.75,-652.75,-0.314767932489
3.6,9,30,2722.5,2038.5,-684.0,-0.335540838852
3.7,9,30,2719.5,2035.5,-684.0,-0.336035372144
3.8,9,30,2717.5,2033.5,-684.0,-0.33636587165
3.9,9,30,2715.5,2031.5,-684.0,-0.336697021905
3.0,9,45,3883.5,3199.5,-684.0,-0.213783403657
3.1,9,45,3879.5,3195.5,-684.0,-0.214051009232
3.2,9,45,3875.5,3191.5,-684.0,-0.214319285602
3.3,9,45,3871.5,3187.5,-684.0,-0.214588235294
3.4,9,45,2180.01111111,3184.5,1004.48888889,0.315430644964
3.5,9,45,2176.1,3182.5,1006.4,0.316229379419
3.6,9,45,2171.17777778,3178.5,1007.32222222,0.316917483789
3.7,9,45,2167.27777778,3175.5,1008.22222222,0.317500306164
3.8,9,45,2163.96666667,3173.5,1009.53333333,0.318113544457
3.9,9,45,2161.12222222,3171.5,1010.37777778,0.318580412353
3.0,9,60,2764.75,4339.5,1574.75,0.362887429427
3.1,9,60,2759.50833333,4335.5,1575.99166667,0.3635086303
3.2,9,60,2753.90833333,4331.5,1577.59166667,0.364213705799
3.3,9,60,2749.13333333,4327.5,1578.36666667,0.364729443482
3.4,9,60,2744.63333333,4324.5,1579.86666667,0.365329325163
3.5,9,60,2741.2,4322.5,1581.3,0.365829959514
3.6,9,60,2736.50833333,2097.5,-639.008333333,-0.304652363925
3.7,9,60,2732.83333333,2063.53333333,-669.3,-0.324346589991
3.8,9,60,2729.85,2060.1,-669.75,-0.325105577399
3.9,9,60,2727.21666667,2057.16666667,-670.05,-0.325714980151
3.0,9,75,3330.5,2660.78,-669.72,-0.251700629139
3.1,9,75,3325.50666667,2655.42666667,-670.08,-0.252343628394
3.2,9,75,3320.22666667,2649.66666667,-670.56,-0.253073342559
3.3,9,75,3315.60666667,2644.80666667,-670.8,-0.25362912475
3.4,9,75,3311.40666667,2640.12666667,-671.28,-0.254260527904
3.5,9,75,3308.26,2636.5,-671.76,-0.254792338327
3.6,9,75,3303.70666667,2631.70666667,-672.0,-0.255347607129
3.7,9,75,3300.16666667,2627.92666667,-672.24,-0.255806224933
3.8,9,75,3297.38,2624.78,-672.6,-0.256250047623
3.9,9,75,2609.5,2622.03333333,12.5333333333,0.00478000533937
3.0,9,90,3897.66666667,3225.56666667,-672.1,-0.208366488576
3.1,9,90,3892.83888889,3220.43888889,-672.4,-0.208791417319
3.2,9,90,3887.77222222,3214.97222222,-672.8,-0.209270859434
3.3,9,90,3883.25555556,3210.25555556,-673.0,-0.209640630895
3.4,9,90,2752.23333333,3205.85555556,453.622222222,0.141498022715
3.5,9,90,2746.16111111,3202.5,456.338888889,0.142494578888
3.6,9,90,2738.48333333,3197.83888889,459.355555556,0.143645621783
3.7,9,90,2732.27777778,3194.18888889,461.911111111,0.144609829656
3.8,9,90,2726.79444444,3191.23333333,464.438888889,0.145535860395
3.9,9,90,2721.47777778,3188.61111111,467.133333333,0.146500566251
3.0,10,30,2781.5,2767.33333333,-14.1666666667,-0.00511924837389
3.1,10,30,2777.5,2587.36666667,-190.133333333,-0.073485268162
3.2,10,30,2773.5,2467.88333333,-305.616666667,-0.123837566606
3.3,10,30,2769.5,2337.26666667,-432.233333333,-0.184931116119
3.4,10,30,2766.5,2221.85,-544.65,-0.245133559871
3.5,10,30,2764.5,2107.56666667,-656.933333333,-0.31170227909
3.6,10,30,2760.5,2009.25,-751.25,-0.373895732238
3.7,10,30,2757.5,1997.5,-760.0,-0.380475594493
3.8,10,30,2755.5,1995.5,-760.0,-0.380856928088
3.9,10,30,2753.5,1993.5,-760.0,-0.381239026837
3.0,10,45,3921.5,3161.5,-760.0,-0.240392218883
3.1,10,45,3917.5,3157.5,-760.0,-0.240696753761
3.2,10,45,3913.5,3153.5,-760.0,-0.241002061202
3.3,10,45,2379.5,3149.5,770.0,0.24448325131
3.4,10,45,2217.04444444,3146.5,929.455555556,0.295393470699
3.5,10,45,2213.17777778,3144.5,931.322222222,0.296174979241
3.6,10,45,2208.27777778,3140.5,932.222222222,0.296838790709
3.7,10,45,2204.4,3137.5,933.1,0.297402390438
3.8,10,45,2201.12222222,3135.5,934.377777778,0.297999610199
3.9,10,45,2198.3,3133.5,935.2,0.298452209989
3.0,10,60,2801.91666667,4301.5,1499.58333333,0.348618698903
3.1,10,60,2796.7,4297.5,1500.8,0.349226294357
3.2,10,60,2791.13333333,4293.5,1502.36666667,0.349916540507
3.3,10,60,2786.375,4289.5,1503.125,0.350419629327
3.4,10,60,2781.90833333,4286.5,1504.59166667,0.351007037599
3.5,10,60,2778.50833333,4284.5,1505.99166667,0.351497646555
3.6,10,60,2773.83333333,4280.5,1506.66666667,0.351983802515
3.7,10,60,2770.175,2026.50833333,-743.666666667,-0.366969458963
3.8,10,60,2767.21666667,2023.05,-744.166666667,-0.367843932017
3.9,10,60,2764.6,2020.1,-744.5,-0.368546111579
3.0,10,75,3367.83333333,2623.7,-744.133333333,-0.283619824421
3.1,10,75,3362.86,2618.32666667,-744.533333333,-0.284354638713
3.2,10,75,3357.60666667,2612.54,-745.066666667,-0.285188615932
3.3,10,75,3353.0,2607.66666667,-745.333333333,-0.285823852742
3.4,10,75,3348.82666667,2602.96,-745.866666667,-0.286545573757
3.5,10,75,3345.70666667,2599.30666667,-746.4,-0.287153497343
3.6,10,75,3341.16666667,2594.5,-746.666666667,-0.287788270058
3.7,10,75,3337.64,2590.70666667,-746.933333333,-0.288312583954
3.8,10,75,2612.5,2587.54,-24.96,-0.00964622769117
3.9,10,75,2392.34,2584.78,192.44,0.0744512105479
3.0,10,90,3935.11111111,3188.33333333,-746.777777778,-0.234221989894
3.1,10,90,3930.3,3183.18888889,-747.111111111,-0.234705239679
3.2,10,90,3925.25555556,3177.7,-747.555555556,-0.235250513124
3.3,10,90,2919.5,3172.97222222,253.472222222,0.0798847908113
3.4,10,90,2787.68333333,3168.55,380.866666667,0.120202195536
3.5,10,90,2781.56666667,3165.17222222,383.605555556,0.1211957924
3.6,10,90,2773.83333333,3160.5,386.666666667,0.122343511048
3.7,10,90,2767.58333333,3156.83888889,389.255555556,0.123305486677
3.8,10,90,2762.06111111,3153.86666667,391.805555556,0.124230221809
3.9,10,90,2756.7,3151.23333333,394.533333333,0.125199657277
